{
    "delta_e_property":[
        {
            "FK_entry_id": 25672,
            "delta_e": -1.60893999919811
        },
        {
            "FK_entry_id": 1216058,
            "delta_e": 0.0125899016666704
        }
    ]
}