{
    "delta_e_property":[
        {
            "calculation_id": 1352933,
            "delta_e": -1.60893999919811
        },
        {
            "calculation_id": 2454,
            "delta_e": 0.0125899016666704
        }
    ]
}